<?xml version="1.0" encoding="UTF-8"?>
<project-private xmlns="http://www.netbeans.org/ns/project-private/1">
    <editor-bookmarks xmlns="http://www.netbeans.org/ns/editor-bookmarks/2" lastBookmarkId="0"/>
    <open-files xmlns="http://www.netbeans.org/ns/projectui-open-files/2">
        <group>
            <file>file:/C:/Users/JHON%20ZAPATA/OneDrive/Documentos/CURSO%20PYTHON/CICLO2/semana2/ejemplos_de_la_clase/Tienda/src/tienda/Login.java</file>
            <file>file:/C:/Users/JHON%20ZAPATA/OneDrive/Documentos/CURSO%20PYTHON/CICLO2/semana2/ejemplos_de_la_clase/Tienda/src/tienda/Tienda.java</file>
        </group>
    </open-files>
</project-private>
